[{
  "from": "Catherine Moreno",
  "avatar": "images/face5.jpg",
  "date": 1427207139000,
  "subject": "Check out this weeks most popular website designs in the Milkyway!",
  "tag": "Personal",
  "id": 1
}, {
  "from": "Denise Peterson",
  "avatar": "images/face4.jpg",
  "date": 1427412725000,
  "subject": "eBook: The complete guide to creating Angularjs single page applications is here",
  "tag": "Personal",
  "id": 2
}, {
  "from": "Charles Wilson",
  "avatar": "images/face3.jpg",
  "date": 1427546580000,
  "subject": "Cum sociis natoque penatibus et magnis dis parturient montes, ridiculus mus",
  "tag": "Clients",
  "id": 3
}, {
  "from": "Melissa Welch",
  "avatar": "images/face2.jpg",
  "date": 1427891640000,
  "subject": "Cum sociis natoque penatibus et magnis dis parturient montes, ridiculus mus",
  "tag": "Family",
  "id": 4
}, {
  "from": "Vincent Peterson",
  "avatar": "images/face1.jpg",
  "date": 1428275520000,
  "subject": "Cum sociis natoque penatibus et magnis dis parturient montes, ridiculus mus",
  "tag": "Friends",
  "id": 5
}, {
  "from": "Pamela Wood",
  "avatar": "images/face2.jpg",
  "date": 1428830580000,
  "subject": "Cum sociis natoque penatibus et magnis dis parturient montes, ridiculus mus",
  "tag": "Personal",
  "id": 6
}, {
  "from": "Tammy Carpenter",
  "avatar": "images/face3.jpg",
  "date": 1429363920000,
  "subject": "Cum sociis natoque penatibus et magnis dis parturient montes, ridiculus mus",
  "tag": "Clients",
  "id": 7
}, {
  "from": "Emma Sullican",
  "avatar": "images/face5.jpg",
  "date": 1430274720000,
  "subject": "Cum sociis natoque penatibus et magnis dis parturient montes, ridiculus mus",
  "tag": "Clients",
  "id": 8
}, {
  "from": "Andrea Brewer",
  "avatar": "images/face4.jpg",
  "date": 1431293520000,
  "subject": "Cum sociis natoque penatibus et magnis dis parturient montes, ridiculus mus",
  "tag": "Family",
  "id": 9
}, {
  "from": "Betty Simmons",
  "avatar": "images/face1.jpg",
  "date": 1433115240000,
  "subject": "Cum sociis natoque penatibus et magnis dis parturient montes, ridiculus mus",
  "tag": "Friends",
  "id": 10
}]